category_model_1;category_model_2;category_model_3;category_model_4;category_model_5;category_model_6;category_model_7;model_annee;model_pays;model;vue_eclatee_type;vue_eclatee_number;vue_eclatee;vue_eclatee_image_preview;vue_eclatee_image;vue_eclatee_image_width;vue_eclatee_image_height;article_id;sequence_number;position_left;position_bottom;article;quantity
GasGas;Offroad;Enduro;E3;"2 stroke";"EC 300";"EC 300 2024";2024;EU;F0403X7;engine;30;"ENGINE CASE";https://sparepartsfinder.gasgas.com/Content/ComponentGroupIcons/1/1/30.gif;https://www.gasgasdealer.net/SPF/Images/maps/23A4403010.png;565;754;A44030000044;1;286;643;"Engine case cmpl.";1
GasGas;Offroad;Enduro;E3;"2 stroke";"EC 300";"EC 300 2024";2024;EU;F0403X7;engine;30;"ENGINE CASE";https://sparepartsfinder.gasgas.com/Content/ComponentGroupIcons/1/1/30.gif;https://www.gasgasdealer.net/SPF/Images/maps/23A4403010.png;565;754;58030021100;3;531;188;"oildrain plug with magnet";1
GasGas;Offroad;Enduro;E3;"2 stroke";"EC 300";"EC 300 2024";2024;EU;F0403X7;engine;30;"ENGINE CASE";https://sparepartsfinder.gasgas.com/Content/ComponentGroupIcons/1/1/30.gif;https://www.gasgasdealer.net/SPF/Images/maps/23A4403010.png;565;754;58030021100;3;380;725;"oildrain plug with magnet";1
GasGas;Offroad;Enduro;E3;"2 stroke";"EC 300";"EC 300 2024";2024;EU;F0403X7;engine;30;"ENGINE CASE";https://sparepartsfinder.gasgas.com/Content/ComponentGroupIcons/1/1/30.gif;https://www.gasgasdealer.net/SPF/Images/maps/23A4403010.png;565;754;58038022000;4;507;200;"CU-seal ring DIN7603-12X18X1.5";1
GasGas;Offroad;Enduro;E3;"2 stroke";"EC 300";"EC 300 2024";2024;EU;F0403X7;engine;30;"ENGINE CASE";https://sparepartsfinder.gasgas.com/Content/ComponentGroupIcons/1/1/30.gif;https://www.gasgasdealer.net/SPF/Images/maps/23A4403010.png;565;754;58038022000;4;402;725;"CU-seal ring DIN7603-12X18X1.5";1
GasGas;Offroad;Enduro;E3;"2 stroke";"EC 300";"EC 300 2024";2024;EU;F0403X7;engine;30;"ENGINE CASE";https://sparepartsfinder.gasgas.com/Content/ComponentGroupIcons/1/1/30.gif;https://www.gasgasdealer.net/SPF/Images/maps/23A4403010.png;565;754;0472042175;6;269;419;"CIRCLIP DIN0472-42X1,75";1
GasGas;Offroad;Enduro;E3;"2 stroke";"EC 300";"EC 300 2024";2024;EU;F0403X7;engine;30;"ENGINE CASE";https://sparepartsfinder.gasgas.com/Content/ComponentGroupIcons/1/1/30.gif;https://www.gasgasdealer.net/SPF/Images/maps/23A4403010.png;565;754;55430059100;7;318;302;"CIRCLIP DIN0472-28X1,2";1
GasGas;Offroad;Enduro;E3;"2 stroke";"EC 300";"EC 300 2024";2024;EU;F0403X7;engine;30;"ENGINE CASE";https://sparepartsfinder.gasgas.com/Content/ComponentGroupIcons/1/1/30.gif;https://www.gasgasdealer.net/SPF/Images/maps/23A4403010.png;565;754;75030085100;11;325;393;"Retaining bracket crankshaft b";3
GasGas;Offroad;Enduro;E3;"2 stroke";"EC 300";"EC 300 2024";2024;EU;F0403X7;engine;30;"ENGINE CASE";https://sparepartsfinder.gasgas.com/Content/ComponentGroupIcons/1/1/30.gif;https://www.gasgasdealer.net/SPF/Images/maps/23A4403010.png;565;754;75030085100;11;219;311;"Retaining bracket crankshaft b";3
GasGas;Offroad;Enduro;E3;"2 stroke";"EC 300";"EC 300 2024";2024;EU;F0403X7;engine;30;"ENGINE CASE";https://sparepartsfinder.gasgas.com/Content/ComponentGroupIcons/1/1/30.gif;https://www.gasgasdealer.net/SPF/Images/maps/23A4403010.png;565;754;75030085100;11;425;725;"Retaining bracket crankshaft b";3
GasGas;Offroad;Enduro;E3;"2 stroke";"EC 300";"EC 300 2024";2024;EU;F0403X7;engine;30;"ENGINE CASE";https://sparepartsfinder.gasgas.com/Content/ComponentGroupIcons/1/1/30.gif;https://www.gasgasdealer.net/SPF/Images/maps/23A4403010.png;565;754;79230010000;12;542;282;"Housing bush";2
GasGas;Offroad;Enduro;E3;"2 stroke";"EC 300";"EC 300 2024";2024;EU;F0403X7;engine;30;"ENGINE CASE";https://sparepartsfinder.gasgas.com/Content/ComponentGroupIcons/1/1/30.gif;https://www.gasgasdealer.net/SPF/Images/maps/23A4403010.png;565;754;79230010000;12;25;517;"Housing bush";2
GasGas;Offroad;Enduro;E3;"2 stroke";"EC 300";"EC 300 2024";2024;EU;F0403X7;engine;30;"ENGINE CASE";https://sparepartsfinder.gasgas.com/Content/ComponentGroupIcons/1/1/30.gif;https://www.gasgasdealer.net/SPF/Images/maps/23A4403010.png;565;754;79230010000;12;448;725;"Housing bush";2
GasGas;Offroad;Enduro;E3;"2 stroke";"EC 300";"EC 300 2024";2024;EU;F0403X7;engine;30;"ENGINE CASE";https://sparepartsfinder.gasgas.com/Content/ComponentGroupIcons/1/1/30.gif;https://www.gasgasdealer.net/SPF/Images/maps/23A4403010.png;565;754;45130022000;13;397;130;"ANGLE PIECE  50CCM LC     2001";1
GasGas;Offroad;Enduro;E3;"2 stroke";"EC 300";"EC 300 2024";2024;EU;F0403X7;engine;30;"ENGINE CASE";https://sparepartsfinder.gasgas.com/Content/ComponentGroupIcons/1/1/30.gif;https://www.gasgasdealer.net/SPF/Images/maps/23A4403010.png;565;754;55540031000;14;464;160;"Collar bushing";1
GasGas;Offroad;Enduro;E3;"2 stroke";"EC 300";"EC 300 2024";2024;EU;F0403X7;engine;30;"ENGINE CASE";https://sparepartsfinder.gasgas.com/Content/ComponentGroupIcons/1/1/30.gif;https://www.gasgasdealer.net/SPF/Images/maps/23A4403010.png;565;754;55540031000;14;357;702;"Collar bushing";1
GasGas;Offroad;Enduro;E3;"2 stroke";"EC 300";"EC 300 2024";2024;EU;F0403X7;engine;30;"ENGINE CASE";https://sparepartsfinder.gasgas.com/Content/ComponentGroupIcons/1/1/30.gif;https://www.gasgasdealer.net/SPF/Images/maps/23A4403010.png;565;754;0019050121S;19;281;328;"INT. TORX FLAT HEAD M5X12 T25";3
GasGas;Offroad;Enduro;E3;"2 stroke";"EC 300";"EC 300 2024";2024;EU;F0403X7;engine;30;"ENGINE CASE";https://sparepartsfinder.gasgas.com/Content/ComponentGroupIcons/1/1/30.gif;https://www.gasgasdealer.net/SPF/Images/maps/23A4403010.png;565;754;0019050121S;19;380;702;"INT. TORX FLAT HEAD M5X12 T25";3
GasGas;Offroad;Enduro;E3;"2 stroke";"EC 300";"EC 300 2024";2024;EU;F0403X7;engine;30;"ENGINE CASE";https://sparepartsfinder.gasgas.com/Content/ComponentGroupIcons/1/1/30.gif;https://www.gasgasdealer.net/SPF/Images/maps/23A4403010.png;565;754;A44030025000;26;13;453;"Clutch cover gasket, inner";1
GasGas;Offroad;Enduro;E3;"2 stroke";"EC 300";"EC 300 2024";2024;EU;F0403X7;engine;30;"ENGINE CASE";https://sparepartsfinder.gasgas.com/Content/ComponentGroupIcons/1/1/30.gif;https://www.gasgasdealer.net/SPF/Images/maps/23A4403010.png;565;754;54630027000;27;197;287;"DOWEL BUSHING 13,8X11X12";2
GasGas;Offroad;Enduro;E3;"2 stroke";"EC 300";"EC 300 2024";2024;EU;F0403X7;engine;30;"ENGINE CASE";https://sparepartsfinder.gasgas.com/Content/ComponentGroupIcons/1/1/30.gif;https://www.gasgasdealer.net/SPF/Images/maps/23A4403010.png;565;754;54630027000;27;403;702;"DOWEL BUSHING 13,8X11X12";2
GasGas;Offroad;Enduro;E3;"2 stroke";"EC 300";"EC 300 2024";2024;EU;F0403X7;engine;30;"ENGINE CASE";https://sparepartsfinder.gasgas.com/Content/ComponentGroupIcons/1/1/30.gif;https://www.gasgasdealer.net/SPF/Images/maps/23A4403010.png;565;754;54830027100;28;360;371;"Dowel, 21x12";1
GasGas;Offroad;Enduro;E3;"2 stroke";"EC 300";"EC 300 2024";2024;EU;F0403X7;engine;30;"ENGINE CASE";https://sparepartsfinder.gasgas.com/Content/ComponentGroupIcons/1/1/30.gif;https://www.gasgasdealer.net/SPF/Images/maps/23A4403010.png;565;754;54830027100;28;425;702;"Dowel, 21x12";1
GasGas;Offroad;Enduro;E3;"2 stroke";"EC 300";"EC 300 2024";2024;EU;F0403X7;engine;30;"ENGINE CASE";https://sparepartsfinder.gasgas.com/Content/ComponentGroupIcons/1/1/30.gif;https://www.gasgasdealer.net/SPF/Images/maps/23A4403010.png;565;754;0025060606;60;295;35;"HH collar screw M6x60 TX30";4
GasGas;Offroad;Enduro;E3;"2 stroke";"EC 300";"EC 300 2024";2024;EU;F0403X7;engine;30;"ENGINE CASE";https://sparepartsfinder.gasgas.com/Content/ComponentGroupIcons/1/1/30.gif;https://www.gasgasdealer.net/SPF/Images/maps/23A4403010.png;565;754;0025060606;60;295;110;"HH collar screw M6x60 TX30";4
GasGas;Offroad;Enduro;E3;"2 stroke";"EC 300";"EC 300 2024";2024;EU;F0403X7;engine;30;"ENGINE CASE";https://sparepartsfinder.gasgas.com/Content/ComponentGroupIcons/1/1/30.gif;https://www.gasgasdealer.net/SPF/Images/maps/23A4403010.png;565;754;0025060606;60;254;122;"HH collar screw M6x60 TX30";4
GasGas;Offroad;Enduro;E3;"2 stroke";"EC 300";"EC 300 2024";2024;EU;F0403X7;engine;30;"ENGINE CASE";https://sparepartsfinder.gasgas.com/Content/ComponentGroupIcons/1/1/30.gif;https://www.gasgasdealer.net/SPF/Images/maps/23A4403010.png;565;754;0025060606;60;43;136;"HH collar screw M6x60 TX30";4
GasGas;Offroad;Enduro;E3;"2 stroke";"EC 300";"EC 300 2024";2024;EU;F0403X7;engine;30;"ENGINE CASE";https://sparepartsfinder.gasgas.com/Content/ComponentGroupIcons/1/1/30.gif;https://www.gasgasdealer.net/SPF/Images/maps/23A4403010.png;565;754;0025060456;61;166;202;"HH COLLAR SCREW  M6X45    TX30";10
GasGas;Offroad;Enduro;E3;"2 stroke";"EC 300";"EC 300 2024";2024;EU;F0403X7;engine;30;"ENGINE CASE";https://sparepartsfinder.gasgas.com/Content/ComponentGroupIcons/1/1/30.gif;https://www.gasgasdealer.net/SPF/Images/maps/23A4403010.png;565;754;0025060456;61;231;146;"HH COLLAR SCREW  M6X45    TX30";10
GasGas;Offroad;Enduro;E3;"2 stroke";"EC 300";"EC 300 2024";2024;EU;F0403X7;engine;30;"ENGINE CASE";https://sparepartsfinder.gasgas.com/Content/ComponentGroupIcons/1/1/30.gif;https://www.gasgasdealer.net/SPF/Images/maps/23A4403010.png;565;754;0025060456;61;125;110;"HH COLLAR SCREW  M6X45    TX30";10
GasGas;Offroad;Enduro;E3;"2 stroke";"EC 300";"EC 300 2024";2024;EU;F0403X7;engine;30;"ENGINE CASE";https://sparepartsfinder.gasgas.com/Content/ComponentGroupIcons/1/1/30.gif;https://www.gasgasdealer.net/SPF/Images/maps/23A4403010.png;565;754;0025060456;61;53;60;"HH COLLAR SCREW  M6X45    TX30";10
GasGas;Offroad;Enduro;E3;"2 stroke";"EC 300";"EC 300 2024";2024;EU;F0403X7;engine;30;"ENGINE CASE";https://sparepartsfinder.gasgas.com/Content/ComponentGroupIcons/1/1/30.gif;https://www.gasgasdealer.net/SPF/Images/maps/23A4403010.png;565;754;0025060456;61;82;26;"HH COLLAR SCREW  M6X45    TX30";10
GasGas;Offroad;Enduro;E3;"2 stroke";"EC 300";"EC 300 2024";2024;EU;F0403X7;engine;30;"ENGINE CASE";https://sparepartsfinder.gasgas.com/Content/ComponentGroupIcons/1/1/30.gif;https://www.gasgasdealer.net/SPF/Images/maps/23A4403010.png;565;754;0025060456;61;169;15;"HH COLLAR SCREW  M6X45    TX30";10
GasGas;Offroad;Enduro;E3;"2 stroke";"EC 300";"EC 300 2024";2024;EU;F0403X7;engine;30;"ENGINE CASE";https://sparepartsfinder.gasgas.com/Content/ComponentGroupIcons/1/1/30.gif;https://www.gasgasdealer.net/SPF/Images/maps/23A4403010.png;565;754;0025060456;61;261;0;"HH COLLAR SCREW  M6X45    TX30";10
GasGas;Offroad;Enduro;E3;"2 stroke";"EC 300";"EC 300 2024";2024;EU;F0403X7;engine;30;"ENGINE CASE";https://sparepartsfinder.gasgas.com/Content/ComponentGroupIcons/1/1/30.gif;https://www.gasgasdealer.net/SPF/Images/maps/23A4403010.png;565;754;A44030099000;99;435;29;"Gasket kit Engine MX 250/300";0
GasGas;Offroad;Enduro;E3;"2 stroke";"EC 300";"EC 300 2024";2024;EU;F0403X7;engine;30;"CLUTCH COVER";https://sparepartsfinder.gasgas.com/Content/ComponentGroupIcons/1/1/30.gif;https://www.gasgasdealer.net/SPF/Images/maps/24A4403020.png;524;650;A44030001044;1;328;458;"Clutch cover, inner, cmpl.";1
GasGas;Offroad;Enduro;E3;"2 stroke";"EC 300";"EC 300 2024";2024;EU;F0403X7;engine;30;"CLUTCH COVER";https://sparepartsfinder.gasgas.com/Content/ComponentGroupIcons/1/1/30.gif;https://www.gasgasdealer.net/SPF/Images/maps/24A4403020.png;524;650;A44030025000;2;494;375;"Clutch cover gasket, inner";1
GasGas;Offroad;Enduro;E3;"2 stroke";"EC 300";"EC 300 2024";2024;EU;F0403X7;engine;30;"CLUTCH COVER";https://sparepartsfinder.gasgas.com/Content/ComponentGroupIcons/1/1/30.gif;https://www.gasgasdealer.net/SPF/Images/maps/24A4403020.png;524;650;0402040980;3;340;348;"Needle roll.DIN5402 NRB 4X9.8";2
GasGas;Offroad;Enduro;E3;"2 stroke";"EC 300";"EC 300 2024";2024;EU;F0403X7;engine;30;"CLUTCH COVER";https://sparepartsfinder.gasgas.com/Content/ComponentGroupIcons/1/1/30.gif;https://www.gasgasdealer.net/SPF/Images/maps/24A4403020.png;524;650;0625006087;4;176;320;"Grooved ball bearing 608 2RS C";1
GasGas;Offroad;Enduro;E3;"2 stroke";"EC 300";"EC 300 2024";2024;EU;F0403X7;engine;30;"CLUTCH COVER";https://sparepartsfinder.gasgas.com/Content/ComponentGroupIcons/1/1/30.gif;https://www.gasgasdealer.net/SPF/Images/maps/24A4403020.png;524;650;A49030126000;5;143;542;"clutch cover outside";1
GasGas;Offroad;Enduro;E3;"2 stroke";"EC 300";"EC 300 2024";2024;EU;F0403X7;engine;30;"CLUTCH COVER";https://sparepartsfinder.gasgas.com/Content/ComponentGroupIcons/1/1/30.gif;https://www.gasgasdealer.net/SPF/Images/maps/24A4403020.png;524;650;A48030027000;6;205;511;"Clutch cover gasket external";1
GasGas;Offroad;Enduro;E3;"2 stroke";"EC 300";"EC 300 2024";2024;EU;F0403X7;engine;30;"CLUTCH COVER";https://sparepartsfinder.gasgas.com/Content/ComponentGroupIcons/1/1/30.gif;https://www.gasgasdealer.net/SPF/Images/maps/24A4403020.png;524;650;0025060106;7;1;527;"HH collar screw M6x10 TX30";1
GasGas;Offroad;Enduro;E3;"2 stroke";"EC 300";"EC 300 2024";2024;EU;F0403X7;engine;30;"CLUTCH COVER";https://sparepartsfinder.gasgas.com/Content/ComponentGroupIcons/1/1/30.gif;https://www.gasgasdealer.net/SPF/Images/maps/24A4403020.png;524;650;0603061001;8;23;516;"CU-SEAL RING DIN7603-6X10X1";1
GasGas;Offroad;Enduro;E3;"2 stroke";"EC 300";"EC 300 2024";2024;EU;F0403X7;engine;30;"CLUTCH COVER";https://sparepartsfinder.gasgas.com/Content/ComponentGroupIcons/1/1/30.gif;https://www.gasgasdealer.net/SPF/Images/maps/24A4403020.png;524;650;79430020033;10;145;605;"Oil filler cap cmpl. M24x3";1
GasGas;Offroad;Enduro;E3;"2 stroke";"EC 300";"EC 300 2024";2024;EU;F0403X7;engine;30;"CLUTCH COVER";https://sparepartsfinder.gasgas.com/Content/ComponentGroupIcons/1/1/30.gif;https://www.gasgasdealer.net/SPF/Images/maps/24A4403020.png;524;650;0770191015;11;102;587;"O-RING 19,00X3,00 NBR";1
GasGas;Offroad;Enduro;E3;"2 stroke";"EC 300";"EC 300 2024";2024;EU;F0403X7;engine;30;"CLUTCH COVER";https://sparepartsfinder.gasgas.com/Content/ComponentGroupIcons/1/1/30.gif;https://www.gasgasdealer.net/SPF/Images/maps/24A4403020.png;524;650;0025060606;12;0;145;"HH collar screw M6x60 TX30";5
GasGas;Offroad;Enduro;E3;"2 stroke";"EC 300";"EC 300 2024";2024;EU;F0403X7;engine;30;"CLUTCH COVER";https://sparepartsfinder.gasgas.com/Content/ComponentGroupIcons/1/1/30.gif;https://www.gasgasdealer.net/SPF/Images/maps/24A4403020.png;524;650;0025060606;12;48;33;"HH collar screw M6x60 TX30";5
GasGas;Offroad;Enduro;E3;"2 stroke";"EC 300";"EC 300 2024";2024;EU;F0403X7;engine;30;"CLUTCH COVER";https://sparepartsfinder.gasgas.com/Content/ComponentGroupIcons/1/1/30.gif;https://www.gasgasdealer.net/SPF/Images/maps/24A4403020.png;524;650;0025060606;12;501;75;"HH collar screw M6x60 TX30";5
GasGas;Offroad;Enduro;E3;"2 stroke";"EC 300";"EC 300 2024";2024;EU;F0403X7;engine;30;"CLUTCH COVER";https://sparepartsfinder.gasgas.com/Content/ComponentGroupIcons/1/1/30.gif;https://www.gasgasdealer.net/SPF/Images/maps/24A4403020.png;524;650;0025060606;12;348;228;"HH collar screw M6x60 TX30";5
GasGas;Offroad;Enduro;E3;"2 stroke";"EC 300";"EC 300 2024";2024;EU;F0403X7;engine;30;"CLUTCH COVER";https://sparepartsfinder.gasgas.com/Content/ComponentGroupIcons/1/1/30.gif;https://www.gasgasdealer.net/SPF/Images/maps/24A4403020.png;524;650;0025060606;12;304;203;"HH collar screw M6x60 TX30";5
GasGas;Offroad;Enduro;E3;"2 stroke";"EC 300";"EC 300 2024";2024;EU;F0403X7;engine;30;"CLUTCH COVER";https://sparepartsfinder.gasgas.com/Content/ComponentGroupIcons/1/1/30.gif;https://www.gasgasdealer.net/SPF/Images/maps/24A4403020.png;524;650;0025060256;13;110;9;"HH collar screw M6x25 TX30";8
GasGas;Offroad;Enduro;E3;"2 stroke";"EC 300";"EC 300 2024";2024;EU;F0403X7;engine;30;"CLUTCH COVER";https://sparepartsfinder.gasgas.com/Content/ComponentGroupIcons/1/1/30.gif;https://www.gasgasdealer.net/SPF/Images/maps/24A4403020.png;524;650;0025060256;13;206;98;"HH collar screw M6x25 TX30";8
GasGas;Offroad;Enduro;E3;"2 stroke";"EC 300";"EC 300 2024";2024;EU;F0403X7;engine;30;"CLUTCH COVER";https://sparepartsfinder.gasgas.com/Content/ComponentGroupIcons/1/1/30.gif;https://www.gasgasdealer.net/SPF/Images/maps/24A4403020.png;524;650;0025060256;13;119;206;"HH collar screw M6x25 TX30";8
GasGas;Offroad;Enduro;E3;"2 stroke";"EC 300";"EC 300 2024";2024;EU;F0403X7;engine;30;"CLUTCH COVER";https://sparepartsfinder.gasgas.com/Content/ComponentGroupIcons/1/1/30.gif;https://www.gasgasdealer.net/SPF/Images/maps/24A4403020.png;524;650;0025060256;13;380;13;"HH collar screw M6x25 TX30";8
GasGas;Offroad;Enduro;E3;"2 stroke";"EC 300";"EC 300 2024";2024;EU;F0403X7;engine;30;"CLUTCH COVER";https://sparepartsfinder.gasgas.com/Content/ComponentGroupIcons/1/1/30.gif;https://www.gasgasdealer.net/SPF/Images/maps/24A4403020.png;524;650;0025060256;13;333;47;"HH collar screw M6x25 TX30";8
GasGas;Offroad;Enduro;E3;"2 stroke";"EC 300";"EC 300 2024";2024;EU;F0403X7;engine;30;"CLUTCH COVER";https://sparepartsfinder.gasgas.com/Content/ComponentGroupIcons/1/1/30.gif;https://www.gasgasdealer.net/SPF/Images/maps/24A4403020.png;524;650;0025060256;13;243;114;"HH collar screw M6x25 TX30";8
GasGas;Offroad;Enduro;E3;"2 stroke";"EC 300";"EC 300 2024";2024;EU;F0403X7;engine;30;"CLUTCH COVER";https://sparepartsfinder.gasgas.com/Content/ComponentGroupIcons/1/1/30.gif;https://www.gasgasdealer.net/SPF/Images/maps/24A4403020.png;524;650;0025060256;13;227;142;"HH collar screw M6x25 TX30";8
GasGas;Offroad;Enduro;E3;"2 stroke";"EC 300";"EC 300 2024";2024;EU;F0403X7;engine;30;"CLUTCH COVER";https://sparepartsfinder.gasgas.com/Content/ComponentGroupIcons/1/1/30.gif;https://www.gasgasdealer.net/SPF/Images/maps/24A4403020.png;524;650;0025060256;13;407;218;"HH collar screw M6x25 TX30";8
GasGas;Offroad;Enduro;E3;"2 stroke";"EC 300";"EC 300 2024";2024;EU;F0403X7;engine;30;"CLUTCH COVER";https://sparepartsfinder.gasgas.com/Content/ComponentGroupIcons/1/1/30.gif;https://www.gasgasdealer.net/SPF/Images/maps/24A4403020.png;524;650;0025060406;14;487;112;"HH collar screw M6x40 TX30";2
GasGas;Offroad;Enduro;E3;"2 stroke";"EC 300";"EC 300 2024";2024;EU;F0403X7;engine;30;"CLUTCH COVER";https://sparepartsfinder.gasgas.com/Content/ComponentGroupIcons/1/1/30.gif;https://www.gasgasdealer.net/SPF/Images/maps/24A4403020.png;524;650;0025060406;14;438;0;"HH collar screw M6x40 TX30";2
GasGas;Offroad;Enduro;E3;"2 stroke";"EC 300";"EC 300 2024";2024;EU;F0403X7;engine;30;"BALANCER SHAFT";https://sparepartsfinder.gasgas.com/Content/ComponentGroupIcons/1/1/30.gif;https://www.gasgasdealer.net/SPF/Images/maps/175543030.png;515;280;0035080206S;1;0;229;"SHCS M8x20 TX45";1
GasGas;Offroad;Enduro;E3;"2 stroke";"EC 300";"EC 300 2024";2024;EU;F0403X7;engine;30;"BALANCER SHAFT";https://sparepartsfinder.gasgas.com/Content/ComponentGroupIcons/1/1/30.gif;https://www.gasgasdealer.net/SPF/Images/maps/175543030.png;515;280;0340084234;2;31;213;"WASHER DIN 6340 8,4X23X4";1
GasGas;Offroad;Enduro;E3;"2 stroke";"EC 300";"EC 300 2024";2024;EU;F0403X7;engine;30;"BALANCER SHAFT";https://sparepartsfinder.gasgas.com/Content/ComponentGroupIcons/1/1/30.gif;https://www.gasgasdealer.net/SPF/Images/maps/175543030.png;515;280;0888030037;3;64;198;"WOODRUFF KEY DIN6888-3X3,7";1
GasGas;Offroad;Enduro;E3;"2 stroke";"EC 300";"EC 300 2024";2024;EU;F0403X7;engine;30;"BALANCER SHAFT";https://sparepartsfinder.gasgas.com/Content/ComponentGroupIcons/1/1/30.gif;https://www.gasgasdealer.net/SPF/Images/maps/175543030.png;515;280;55430056000;4;85;151;"AGW-GEAR WHEEL";1
GasGas;Offroad;Enduro;E3;"2 stroke";"EC 300";"EC 300 2024";2024;EU;F0403X7;engine;30;"BALANCER SHAFT";https://sparepartsfinder.gasgas.com/Content/ComponentGroupIcons/1/1/30.gif;https://www.gasgasdealer.net/SPF/Images/maps/175543030.png;515;280;0472042175;5;193;214;"CIRCLIP DIN0472-42X1,75";1
GasGas;Offroad;Enduro;E3;"2 stroke";"EC 300";"EC 300 2024";2024;EU;F0403X7;engine;30;"BALANCER SHAFT";https://sparepartsfinder.gasgas.com/Content/ComponentGroupIcons/1/1/30.gif;https://www.gasgasdealer.net/SPF/Images/maps/175543030.png;515;280;0625063022;6;239;192;"GROOVED BALL BEARING 6302 C3";1
GasGas;Offroad;Enduro;E3;"2 stroke";"EC 300";"EC 300 2024";2024;EU;F0403X7;engine;30;"BALANCER SHAFT";https://sparepartsfinder.gasgas.com/Content/ComponentGroupIcons/1/1/30.gif;https://www.gasgasdealer.net/SPF/Images/maps/175543030.png;515;280;55430058000;7;279;171;"NEEDLE BEARING NK20X16XL";1
GasGas;Offroad;Enduro;E3;"2 stroke";"EC 300";"EC 300 2024";2024;EU;F0403X7;engine;30;"BALANCER SHAFT";https://sparepartsfinder.gasgas.com/Content/ComponentGroupIcons/1/1/30.gif;https://www.gasgasdealer.net/SPF/Images/maps/175543030.png;515;280;55430059100;8;319;152;"CIRCLIP DIN0472-28X1,2";1
GasGas;Offroad;Enduro;E3;"2 stroke";"EC 300";"EC 300 2024";2024;EU;F0403X7;engine;30;"BALANCER SHAFT";https://sparepartsfinder.gasgas.com/Content/ComponentGroupIcons/1/1/30.gif;https://www.gasgasdealer.net/SPF/Images/maps/175543030.png;515;280;47030076100;9;358;132;"SEAL SHAFT RING 20X35X6 BTSL";1
GasGas;Offroad;Enduro;E3;"2 stroke";"EC 300";"EC 300 2024";2024;EU;F0403X7;engine;30;"BALANCER SHAFT";https://sparepartsfinder.gasgas.com/Content/ComponentGroupIcons/1/1/30.gif;https://www.gasgasdealer.net/SPF/Images/maps/175543030.png;515;280;A44030057000;10;402;23;"Balancer shaft";1
GasGas;Offroad;Enduro;E3;"2 stroke";"EC 300";"EC 300 2024";2024;EU;F0403X7;engine;30;"CYLINDER, CYLINDER HEAD";https://sparepartsfinder.gasgas.com/Content/ComponentGroupIcons/1/1/30.gif;https://www.gasgasdealer.net/SPF/Images/maps/24A4903050.png;523;669;A45030138000;1;294;315;"Cylinder + Piston";1
GasGas;Offroad;Enduro;E3;"2 stroke";"EC 300";"EC 300 2024";2024;EU;F0403X7;engine;30;"CYLINDER, CYLINDER HEAD";https://sparepartsfinder.gasgas.com/Content/ComponentGroupIcons/1/1/30.gif;https://www.gasgasdealer.net/SPF/Images/maps/24A4903050.png;523;669;A44037001000;2;145;117;"Intermediate flange";1
GasGas;Offroad;Enduro;E3;"2 stroke";"EC 300";"EC 300 2024";2024;EU;F0403X7;engine;30;"CYLINDER, CYLINDER HEAD";https://sparepartsfinder.gasgas.com/Content/ComponentGroupIcons/1/1/30.gif;https://www.gasgasdealer.net/SPF/Images/maps/24A4903050.png;523;669;0770107020;3;246;370;"O-Ring 107x2";1
GasGas;Offroad;Enduro;E3;"2 stroke";"EC 300";"EC 300 2024";2024;EU;F0403X7;engine;30;"CYLINDER, CYLINDER HEAD";https://sparepartsfinder.gasgas.com/Content/ComponentGroupIcons/1/1/30.gif;https://www.gasgasdealer.net/SPF/Images/maps/24A4903050.png;523;669;0770078020;4;246;395;"O-RING 78,00X2,00 VIT. BLACK";1
GasGas;Offroad;Enduro;E3;"2 stroke";"EC 300";"EC 300 2024";2024;EU;F0403X7;engine;30;"CYLINDER, CYLINDER HEAD";https://sparepartsfinder.gasgas.com/Content/ComponentGroupIcons/1/1/30.gif;https://www.gasgasdealer.net/SPF/Images/maps/24A4903050.png;523;669;A45030160000;5;246;425;"Combustion chamber insert 300 ";1
GasGas;Offroad;Enduro;E3;"2 stroke";"EC 300";"EC 300 2024";2024;EU;F0403X7;engine;30;"CYLINDER, CYLINDER HEAD";https://sparepartsfinder.gasgas.com/Content/ComponentGroupIcons/1/1/30.gif;https://www.gasgasdealer.net/SPF/Images/maps/24A4903050.png;523;669;A45030006100;6;246;488;"Cylinder head";1
GasGas;Offroad;Enduro;E3;"2 stroke";"EC 300";"EC 300 2024";2024;EU;F0403X7;engine;30;"CYLINDER, CYLINDER HEAD";https://sparepartsfinder.gasgas.com/Content/ComponentGroupIcons/1/1/30.gif;https://www.gasgasdealer.net/SPF/Images/maps/24A4903050.png;523;669;0603061001;7;246;518;"CU-SEAL RING DIN7603-6X10X1";1
GasGas;Offroad;Enduro;E3;"2 stroke";"EC 300";"EC 300 2024";2024;EU;F0403X7;engine;30;"CYLINDER, CYLINDER HEAD";https://sparepartsfinder.gasgas.com/Content/ComponentGroupIcons/1/1/30.gif;https://www.gasgasdealer.net/SPF/Images/maps/24A4903050.png;523;669;0025060106;8;246;542;"HH collar screw M6x10 TX30";1
GasGas;Offroad;Enduro;E3;"2 stroke";"EC 300";"EC 300 2024";2024;EU;F0403X7;engine;30;"CYLINDER, CYLINDER HEAD";https://sparepartsfinder.gasgas.com/Content/ComponentGroupIcons/1/1/30.gif;https://www.gasgasdealer.net/SPF/Images/maps/24A4903050.png;523;669;0770023025;9;246;454;"O-ring 23x2,5 Viton 75SH";1
GasGas;Offroad;Enduro;E3;"2 stroke";"EC 300";"EC 300 2024";2024;EU;F0403X7;engine;30;"CYLINDER, CYLINDER HEAD";https://sparepartsfinder.gasgas.com/Content/ComponentGroupIcons/1/1/30.gif;https://www.gasgasdealer.net/SPF/Images/maps/24A4903050.png;523;669;56530080000;10;246;577;"CU-SEAL RING 8 X 16 X 1";6
GasGas;Offroad;Enduro;E3;"2 stroke";"EC 300";"EC 300 2024";2024;EU;F0403X7;engine;30;"CYLINDER, CYLINDER HEAD";https://sparepartsfinder.gasgas.com/Content/ComponentGroupIcons/1/1/30.gif;https://www.gasgasdealer.net/SPF/Images/maps/24A4903050.png;523;669;54830079000;11;246;634;"COLLAR SCREW M 8X35      WS=13";6
GasGas;Offroad;Enduro;E3;"2 stroke";"EC 300";"EC 300 2024";2024;EU;F0403X7;engine;30;"CYLINDER, CYLINDER HEAD";https://sparepartsfinder.gasgas.com/Content/ComponentGroupIcons/1/1/30.gif;https://www.gasgasdealer.net/SPF/Images/maps/24A4903050.png;523;669;55530044000;12;306;235;"Collar nut M10-SW13 ZnNi";4
GasGas;Offroad;Enduro;E3;"2 stroke";"EC 300";"EC 300 2024";2024;EU;F0403X7;engine;30;"CYLINDER, CYLINDER HEAD";https://sparepartsfinder.gasgas.com/Content/ComponentGroupIcons/1/1/30.gif;https://www.gasgasdealer.net/SPF/Images/maps/24A4903050.png;523;669;0835100300;13;226;5;"Stud bolt M10x30";4
GasGas;Offroad;Enduro;E3;"2 stroke";"EC 300";"EC 300 2024";2024;EU;F0403X7;engine;30;"CYLINDER, CYLINDER HEAD";https://sparepartsfinder.gasgas.com/Content/ComponentGroupIcons/1/1/30.gif;https://www.gasgasdealer.net/SPF/Images/maps/24A4903050.png;523;669;A44030035020;14;239;48;"Cylinder base gasket";0
GasGas;Offroad;Enduro;E3;"2 stroke";"EC 300";"EC 300 2024";2024;EU;F0403X7;engine;30;"CYLINDER, CYLINDER HEAD";https://sparepartsfinder.gasgas.com/Content/ComponentGroupIcons/1/1/30.gif;https://www.gasgasdealer.net/SPF/Images/maps/24A4903050.png;523;669;A44030035025;14;239;48;"Cylinder base gasket";0
GasGas;Offroad;Enduro;E3;"2 stroke";"EC 300";"EC 300 2024";2024;EU;F0403X7;engine;30;"CYLINDER, CYLINDER HEAD";https://sparepartsfinder.gasgas.com/Content/ComponentGroupIcons/1/1/30.gif;https://www.gasgasdealer.net/SPF/Images/maps/24A4903050.png;523;669;A44030035030;14;239;48;"Cylinder base gasket";0
GasGas;Offroad;Enduro;E3;"2 stroke";"EC 300";"EC 300 2024";2024;EU;F0403X7;engine;30;"CYLINDER, CYLINDER HEAD";https://sparepartsfinder.gasgas.com/Content/ComponentGroupIcons/1/1/30.gif;https://www.gasgasdealer.net/SPF/Images/maps/24A4903050.png;523;669;A44030035040;14;239;48;"Cylinder base gasket";0
GasGas;Offroad;Enduro;E3;"2 stroke";"EC 300";"EC 300 2024";2024;EU;F0403X7;engine;30;"CYLINDER, CYLINDER HEAD";https://sparepartsfinder.gasgas.com/Content/ComponentGroupIcons/1/1/30.gif;https://www.gasgasdealer.net/SPF/Images/maps/24A4903050.png;523;669;A44030035050;14;239;48;"Cylinder base gasket";0
GasGas;Offroad;Enduro;E3;"2 stroke";"EC 300";"EC 300 2024";2024;EU;F0403X7;engine;30;"CYLINDER, CYLINDER HEAD";https://sparepartsfinder.gasgas.com/Content/ComponentGroupIcons/1/1/30.gif;https://www.gasgasdealer.net/SPF/Images/maps/24A4903050.png;523;669;A44030035070;14;239;48;"Cylinder base gasket";0
GasGas;Offroad;Enduro;E3;"2 stroke";"EC 300";"EC 300 2024";2024;EU;F0403X7;engine;30;"CYLINDER, CYLINDER HEAD";https://sparepartsfinder.gasgas.com/Content/ComponentGroupIcons/1/1/30.gif;https://www.gasgasdealer.net/SPF/Images/maps/24A4903050.png;523;669;A44030035080;14;239;48;"Cylinder base gasket";0
GasGas;Offroad;Enduro;E3;"2 stroke";"EC 300";"EC 300 2024";2024;EU;F0403X7;engine;30;"CYLINDER, CYLINDER HEAD";https://sparepartsfinder.gasgas.com/Content/ComponentGroupIcons/1/1/30.gif;https://www.gasgasdealer.net/SPF/Images/maps/24A4903050.png;523;669;A44030087000;15;55;377;"Engine vent hose";1
GasGas;Offroad;Enduro;E3;"2 stroke";"EC 300";"EC 300 2024";2024;EU;F0403X7;engine;30;"CYLINDER, CYLINDER HEAD";https://sparepartsfinder.gasgas.com/Content/ComponentGroupIcons/1/1/30.gif;https://www.gasgasdealer.net/SPF/Images/maps/24A4903050.png;523;669;0025050256;22;383;82;"HH COLLAR SCREW M5X25 ISA30";6
GasGas;Offroad;Enduro;E3;"2 stroke";"EC 300";"EC 300 2024";2024;EU;F0403X7;engine;30;"CYLINDER, CYLINDER HEAD";https://sparepartsfinder.gasgas.com/Content/ComponentGroupIcons/1/1/30.gif;https://www.gasgasdealer.net/SPF/Images/maps/24A4903050.png;523;669;0025050256;22;4;287;"HH COLLAR SCREW M5X25 ISA30";6
GasGas;Offroad;Enduro;E3;"2 stroke";"EC 300";"EC 300 2024";2024;EU;F0403X7;engine;30;"CYLINDER, CYLINDER HEAD";https://sparepartsfinder.gasgas.com/Content/ComponentGroupIcons/1/1/30.gif;https://www.gasgasdealer.net/SPF/Images/maps/24A4903050.png;523;669;A44037007000;23;29;219;"exhaust control cover right";1
GasGas;Offroad;Enduro;E3;"2 stroke";"EC 300";"EC 300 2024";2024;EU;F0403X7;engine;30;"CYLINDER, CYLINDER HEAD";https://sparepartsfinder.gasgas.com/Content/ComponentGroupIcons/1/1/30.gif;https://www.gasgasdealer.net/SPF/Images/maps/24A4903050.png;523;669;A44037006000;24;293;168;"Control cover seal, left";2
GasGas;Offroad;Enduro;E3;"2 stroke";"EC 300";"EC 300 2024";2024;EU;F0403X7;engine;30;"CYLINDER, CYLINDER HEAD";https://sparepartsfinder.gasgas.com/Content/ComponentGroupIcons/1/1/30.gif;https://www.gasgasdealer.net/SPF/Images/maps/24A4903050.png;523;669;A44037006000;24;62;202;"Control cover seal, left";2
GasGas;Offroad;Enduro;E3;"2 stroke";"EC 300";"EC 300 2024";2024;EU;F0403X7;engine;30;"CYLINDER, CYLINDER HEAD";https://sparepartsfinder.gasgas.com/Content/ComponentGroupIcons/1/1/30.gif;https://www.gasgasdealer.net/SPF/Images/maps/24A4903050.png;523;669;0770002226200;25;319;155;"X-ring 21.89x2.62 FKM 70";1
GasGas;Offroad;Enduro;E3;"2 stroke";"EC 300";"EC 300 2024";2024;EU;F0403X7;engine;30;"CYLINDER, CYLINDER HEAD";https://sparepartsfinder.gasgas.com/Content/ComponentGroupIcons/1/1/30.gif;https://www.gasgasdealer.net/SPF/Images/maps/24A4903050.png;523;669;A44037005000;26;346;141;"exhaust control cover left";1
GasGas;Offroad;Enduro;E3;"2 stroke";"EC 300";"EC 300 2024";2024;EU;F0403X7;engine;30;"CYLINDER, CYLINDER HEAD";https://sparepartsfinder.gasgas.com/Content/ComponentGroupIcons/1/1/30.gif;https://www.gasgasdealer.net/SPF/Images/maps/24A4903050.png;523;669;51005074000;27;69;91;"RETAINING PLATE";2
