MODELNUMBER;annee;article number;active/inactive;picture;Struktur DE;Kategorie DE;Modellname (DE);Text (DE);structure EN;Category EN;model name (EN);text (EN);structure EN-US;Category EN-US;model name (EN-US);text (EN-US);structure ES;Category ES;model name (ES);text (ES);structure FR;Category FR;model name (FR);text (FR);structure IT;Category IT;model name (IT);text (IT);attribut
$M-SVARTPILEN4012025;2025;00JU0R6P;Active;pho_bike_90_re_svartpilen_401_my24_90_right__sall__acmsg__v1.png; > Motorcycle > Svartpilen 401 2025 > ;Svartpilen 401 2025;SVARTPILEN 401 - 2025;Die Svartpilen 401 ist zweifellos das ultimative Motorrad fur Fahrten in den Au enbezirken von Metropolen. Leicht, komfortabel und in seinem Design unverwechselbar, bietet dieses aktuelle Modell eine neue Art des Navigierens durch den Gro stadtdschungel. Der Motor ist nicht nur drehmomentstark, sondern auch leicht und kompakt, was zu seiner Wendigkeit im Stadtverkehr beitragt. Die einstellbare WP-Federung ermoglicht auch auf sehr unebenen Stra en eine komfortable Fahrt, wahrend die an die schwedischen Wurzeln dieses Motorrades erinnernden Grafiken mit ihrer subtilen Auswahl an dunkleren Tonen eine beeindruckende Prasenz schaffen.; > Motorcycle > Svartpilen 401 2025 > ;Svartpilen 401 2025;SVARTPILEN 401 - 2025;The Svartpilen 401 is undoubtedly the ultimate machine for riding in metropolitan suburbs. Lightweight, comfortable to ride, and truly distinctive in its design, the latest generation model offers a fresh twist on two wheeled urban exploration. A punchy motor provides not only torquey power on demand, but is lighter and more compact, which contributes to the agile feel of this city street stunner. Adjustable WP suspension ensures the smoothest of rides across the roughest of roads while the Swedish-inspired graphics feature a subtle blend of darker tones to create a formidable presence.; > Motorcycle > Svartpilen 401 2025 > ;Svartpilen 401 2025;SVARTPILEN 401 - 2025;The Svartpilen 401 is undoubtedly the ultimate machine for riding in metropolitan suburbs. Lightweight, comfortable to ride, and truly distinctive in its design, the latest generation model offers a fresh twist on two wheeled urban exploration. A punchy motor provides not only torquey power on demand, but is lighter and more compact, which contributes to the agile feel of this city street stunner. Adjustable WP suspension ensures the smoothest of rides across the roughest of roads while the Swedish-inspired graphics feature a subtle blend of darker tones to create a formidable presence.; > Motorcycle > Svartpilen 401 2025 > ;Svartpilen 401 2025;SVARTPILEN 401 - 2025;La Svartpilen 401 es sin duda la maquina definitiva para moverse por el entorno metropolitano. Ligero, comodo de pilotar y con un diseno realmente distintivo, este modelo de ultima generacion ofrece un nuevo giro a la exploracion urbana sobre dos ruedas. Un potente motor no solo proporciona potencia a demanda, sino que es mas ligero y compacto, lo que contribuye a la sensacion de agilidad de esta maravilla urbana. Las suspensiones WP ajustables garantizan la marcha mas suave por las carreteras mas accidentadas, mientras que los graficos de inspiracion sueca presentan una sutil mezcla de tonos oscuros para crear una presencia formidable.; > Motorcycle > Svartpilen 401 2025 > ;Svartpilen 401 2025;SVARTPILEN 401 - 2025;"La Svartpilen 401 est indeniablement faite pour parcourir les rues de banlieue. Leger, confortable a piloter et veritablement reconnaissable, ce modele de derniere generation donne une nouvelle dimension a l exploration urbaine en deux roues. Son moteur dynamique fournit non seulement une puissance de couple a la demande, mais est egalement plus leger et plus compact, ce qui contribue a la sensation d agilite de cette etonnante machine urbaine. Les suspensions WP reglables garantissent une conduite tres souple sur les routes les plus accidentees, tandis que les graphismes d inspiration suedoise presentent un subtil melange de tons plus sombres pour creer une presence remarquable.<table style=""width:100%;border-collapse:collapse;margin-top:16px;border:1px solid #ffe0cc;border-radius:6px;overflow:hidden;"">
$M-TE1252012;2012;2103L9;Active;pho_bike_90_re_te_125_2012_90__sall__acmsg__v1.jpg; > Motorcycle > TE 125 2012 > ;TE 125 2012;TE 125 2012;TE 125 2012; > Motorcycle > TE 125 2012 > ;TE 125 2012;TE 125 2012;TE 125 2012; > Motorcycle > TE 125 2012 > ;TE 125 2012;TE 125 2012;TE 125 2012; > Motorcycle > TE 125 2012 > ;TE 125 2012;TE 125 2012;TE 125 2012; > Motorcycle > TE 125 2012 > ;TE 125 2012;TE 125 2012;"TE 125 2012<table style=""width:100%;border-collapse:collapse;margin-top:16px;border:1px solid #ffe0cc;border-radius:6px;overflow:hidden;"">
$M-FE2502024;2024;2187X4_CFMOTO;Active;pho_bike_90_re_fe_250_my24_90_right__sall__acmsg__v1.png; > Motorcycle > FE 250 2024 > ;FE 250 2024;FE 250 - 2024;Die FE 250 wurde mehrfach uberarbeitet, um ihre bewahrten technischen Fahigkeiten noch weiter zu verbessern. 2024 geht sie mit einem neuen Motor, neuem Rahmen und neuer Federung fur mehr Leistung an den Start. Dank ihres leichten, kompakten und uberarbeiteten Motors kannst du diese Verbesserungen voll ausschopfen und die Leistungsentfaltung fur ein individuelles Fahrerlebnis sogar ganz leicht anpassen. Zusammen mit dem neuen Rahmen und der WP-Suspension erwarten dich ein deutlich besseres Fahrverhalten und Handling und ein uberarbeitetes, ergonomisches Bodywork fur noch mehr Kontrolle. Mit ihrem frischen, schwedisch inspirierten Look und den hochwertigen Bauteilen ist die FE 250 in ihrer Standardausfuhrung bestens in der Lage, auf hochstem Enduro-Niveau mitzuhalten.; > Motorcycle > FE 250 2024 > ;FE 250 2024;FE 250 - 2024;Undergoing multiple revisions to further enhance its proven technical abilities, the FE 250 features a new engine, frame, and suspension for 2024 for improved performance. Featuring a lightweight, compact, and redesigned engine, all riders are set to benefit from the refinements with the power delivery easily customisable for a personalised riding experience. Together with a new frame and WP Suspension, the rideability and handling are much improved with the revised, ergonomic bodywork offering even greater control. Complete with a fresh, Swedish-inspired look and assembled with premium components throughout, the FE 250 is capable of competing at the highest level of enduro in standard form.; > Motorcycle > FE 250 2024 > ;FE 250 2024;FE 250 - 2024;Undergoing multiple revisions to further enhance its proven technical abilities, the FE 250 features a new engine, frame, and suspension for 2024 for improved performance. Featuring a lightweight, compact, and redesigned engine, all riders are set to benefit from the refinements with the power delivery easily customisable for a personalised riding experience. Together with a new frame and WP Suspension, the rideability and handling are much improved with the revised, ergonomic bodywork offering even greater control. Complete with a fresh, Swedish-inspired look and assembled with premium components throughout, the FE 250 is capable of competing at the highest level of enduro in standard form.; > Motorcycle > FE 250 2024 > ;FE 250 2024;FE 250 - 2024;Sometida a multiples revisiones para mejorar aun mas sus probadas capacidades tecnicas, la FE 250 incorpora un nuevo motor, chasis y suspensiones para 2024 que mejoran aun mas sus prestaciones. Con un motor ligero, compacto y redisenado, los pilotos de todos los niveles se beneficiaran de las mejoras, con una entrega de potencia facilmente personalizable para una experiencia de pilotaje personalizada. Junto con un nuevo conjunto de chasis y suspensiones WP, la manejabilidad y el comportamiento han mejorado mucho, mientras que la revisada y ergonomica carroceria ofrece un control de la moto aun mayor. Con un look fresco de inspiracion sueca y montada con componentes de primera calidad, la FE 250 es capaz de competir ya en su configuracion de serie al mas alto nivel del enduro.; > Motorcycle > FE 250 2024 > ;FE 250 2024;FE 250 - 2024;"Suite aux multiples revisions destinees a ameliorer ses capacites techniques deja eprouvees, la FE 250 2024 dispose d un nouveau moteur, d un nouveau cadre et de nouvelles suspensions pour des performances encore meilleures. Grace au moteur repense, a la fois compact et leger, tous les pilotes peuvent beneficier des ameliorations apportees qui garantissent un deploiement de puissance facilement personnalisable pour une experience de conduite sur mesure. Le nouveau cadre et les nouvelles suspensions WP ameliorent la maniabilite et la prise en main, le tout avec un habillage ergonomique revisite qui offre encore plus de controle. Arborant un nouveau look d inspiration suedoise et assemblee avec des elements haut de gamme, la FE 250 peut concourir au plus haut niveau d enduro meme en version standard.<table style=""width:100%;border-collapse:collapse;margin-top:16px;border:1px solid #ffe0cc;border-radius:6px;overflow:hidden;"">
$M-FE3902010;2010;2203J3;Active;pho_bike_90_re_fe390_90__2010__sall__acmsg__v1.jpg; > Motorcycle > FE 390 2010 > ;FE 390 2010;FE 390 2010;FE 390 2010; > Motorcycle > FE 390 2010 > ;FE 390 2010;FE 390 2010;FE 390 2010; > Motorcycle > FE 390 2010 > ;FE 390 2010;FE 390 2010;FE 390 2010; > Motorcycle > FE 390 2010 > ;FE 390 2010;FE 390 2010;FE 390 2010; > Motorcycle > FE 390 2010 > ;FE 390 2010;FE 390 2010;"FE 390 2010<table style=""width:100%;border-collapse:collapse;margin-top:16px;border:1px solid #ffe0cc;border-radius:6px;overflow:hidden;"">
$M-FE3902011;2011;2203K3;Active;pho_bike_90_re_fe_390_90_2011__sall__acmsg__v1.jpg; > Motorcycle > FE 390 2011 > ;FE 390 2011;FE 390 2011;FE 390 2011; > Motorcycle > FE 390 2011 > ;FE 390 2011;FE 390 2011;FE 390 2011; > Motorcycle > FE 390 2011 > ;FE 390 2011;FE 390 2011;FE 390 2011; > Motorcycle > FE 390 2011 > ;FE 390 2011;FE 390 2011;FE 390 2011; > Motorcycle > FE 390 2011 > ;FE 390 2011;FE 390 2011;"FE 390 2011<table style=""width:100%;border-collapse:collapse;margin-top:16px;border:1px solid #ffe0cc;border-radius:6px;overflow:hidden;"">
$M-FE3902012;2012;2203L3;Active;pho_bike_90_re_fe_390_2012_90__sall__acmsg__v1.jpg; > Motorcycle > FE 390 2012 > ;FE 390 2012;FE 390 2012;FE 390 2012; > Motorcycle > FE 390 2012 > ;FE 390 2012;FE 390 2012;FE 390 2012; > Motorcycle > FE 390 2012 > ;FE 390 2012;FE 390 2012;FE 390 2012; > Motorcycle > FE 390 2012 > ;FE 390 2012;FE 390 2012;FE 390 2012; > Motorcycle > FE 390 2012 > ;FE 390 2012;FE 390 2012;"FE 390 2012<table style=""width:100%;border-collapse:collapse;margin-top:16px;border:1px solid #ffe0cc;border-radius:6px;overflow:hidden;"">
$M-FE3502024;2024;2288X4_FTI;Active;pho_bike_90_re_fe_350_my24_90_right__sall__acmsg__v1.png; > Motorcycle > FE 350 2024 > ;FE 350 2024;FE 350 - 2024;Ihre Ausgewogenheit zwischen Leistung und Handling macht die FE 350 zweifellos zur vielseitigsten Enduro auf dem Markt. Ein neuer Motor, dessen Positionierung im neuen Rahmen fur eine optimale Massenzentralisierung sorgt, und die neue WP XACT-Federung tragen zu einem deutlich besseren Handling und einer hoheren Gesamtleistung fur 2024 bei. Mit ihrem frischen, schwedisch inspirierten Look und den hochwertigen Bauteilen ist die FE 350 in ihrer Standardausfuhrung bestens in der Lage, auf hochstem Enduro-Niveau mitzuhalten.; > Motorcycle > FE 350 2024 > ;FE 350 2024;FE 350 - 2024;Striking a competitive balance between power and handling, the FE 350 is undoubtedly the most versatile enduro machine on the market. Powered by a new engine, which is positioned inside the new frame to centralise mass, together with new WP XACT Suspension, handling and overall performance are much improved for 2024. Complete with a fresh, Swedish-inspired look and assembled with premium components throughout, the FE 350 is capable of competing at the highest level of enduro in standard form.; > Motorcycle > FE 350 2024 > ;FE 350 2024;FE 350 - 2024;Striking a competitive balance between power and handling, the FE 350 is undoubtedly the most versatile enduro machine on the market. Powered by a new engine, which is positioned inside the new frame to centralise mass, together with new WP XACT Suspension, handling and overall performance are much improved for 2024. Complete with a fresh, Swedish-inspired look and assembled with premium components throughout, the FE 350 is capable of competing at the highest level of enduro in standard form.; > Motorcycle > FE 350 2024 > ;FE 350 2024;FE 350 - 2024;Con un equilibrio competitivo entre potencia y comportamiento, la FE 350 es sin duda la maquina de enduro mas versatil del mercado. Impulsada por un nuevo motor, ubicado dentro del nuevo chasis para un mejor centrado de masas, junto con las nuevas suspensiones WP XACT, el comportamiento y las prestaciones generales han mejorado mucho en esta version 2024. Con un look fresco de inspiracion sueca y montada con componentes de primera calidad, la FE 350 es capaz de competir ya en su configuracion de serie al mas alto nivel del enduro.; > Motorcycle > FE 350 2024 > ;FE 350 2024;FE 350 - 2024;"Offrant un equilibre competitif entre puissance et maniabilite, la FE 350 est sans aucun doute la machine d enduro la plus polyvalente du marche. Propulsee par un nouveau moteur positionne a l interieur du nouveau cadre pour centraliser la masse, et grace aux nouvelles suspensions WP XACT, la version 2024 offre un niveau inedit de maniabilite et de performances globales. Arborant un nouveau look d inspiration suedoise et assemblee avec des elements haut de gamme, la FE 350 peut concourir au plus haut niveau d enduro meme en version standard.<table style=""width:100%;border-collapse:collapse;margin-top:16px;border:1px solid #ffe0cc;border-radius:6px;overflow:hidden;"">
$M-FX4502010;2010;2301J0;Active;pho_bike_90_re_fx450_90__2010__sall__acmsg__v1.jpg; > Motorcycle > FX 450 2010 > ;FX 450 2010;FX 450 2010;FX 450 2010; > Motorcycle > FX 450 2010 > ;FX 450 2010;FX 450 2010;FX 450 2010; > Motorcycle > FX 450 2010 > ;FX 450 2010;FX 450 2010;FX 450 2010; > Motorcycle > FX 450 2010 > ;FX 450 2010;FX 450 2010;FX 450 2010; > Motorcycle > FX 450 2010 > ;FX 450 2010;FX 450 2010;"FX 450 2010<table style=""width:100%;border-collapse:collapse;margin-top:16px;border:1px solid #ffe0cc;border-radius:6px;overflow:hidden;"">
$M-FX4502011;2011;2301K0;Active;pho_bike_90_re_fx_450_90_2011__sall__acmsg__v1.jpg; > Motorcycle > FX 450 2011 > ;FX 450 2011;FX 450 2011;FX 450 2011; > Motorcycle > FX 450 2011 > ;FX 450 2011;FX 450 2011;FX 450 2011; > Motorcycle > FX 450 2011 > ;FX 450 2011;FX 450 2011;FX 450 2011; > Motorcycle > FX 450 2011 > ;FX 450 2011;FX 450 2011;FX 450 2011; > Motorcycle > FX 450 2011 > ;FX 450 2011;FX 450 2011;"FX 450 2011<table style=""width:100%;border-collapse:collapse;margin-top:16px;border:1px solid #ffe0cc;border-radius:6px;overflow:hidden;"">
$M-FC450E2006;2006;2303F3;Active;pho_bike_90_re_fe450_re_2006__sall__acmsg__v1.jpg; > Motorcycle > FE 450 E 2006 > ;FE 450 E 2006;FE 450 E 2006;FE 450 E 2006; > Motorcycle > FE 450 E 2006 > ;FE 450 E 2006;FE 450 E 2006;FE 450 E 2006; > Motorcycle > FE 450 E 2006 > ;FE 450 E 2006;FE 450 E 2006;FE 450 E 2006; > Motorcycle > FE 450 E 2006 > ;FE 450 E 2006;FE 450 E 2006;FE 450 E 2006; > Motorcycle > FE 450 E 2006 > ;FE 450 E 2006;FE 450 E 2006;"FE 450 E 2006<table style=""width:100%;border-collapse:collapse;margin-top:16px;border:1px solid #ffe0cc;border-radius:6px;overflow:hidden;"">
$M-FS450C2006;2006;2303F5;Active;pho_bike_90_re_fs550e_rechts_neu_2006__sall__acmsg__v1.jpg; > Motorcycle > FS 450 C 2006 > ;FS 450 C 2006;FS 450 C 2006;FS 450 C 2006; > Motorcycle > FS 450 C 2006 > ;FS 450 C 2006;FS 450 C 2006;FS 450 C 2006; > Motorcycle > FS 450 C 2006 > ;FS 450 C 2006;FS 450 C 2006;FS 450 C 2006; > Motorcycle > FS 450 C 2006 > ;FS 450 C 2006;FS 450 C 2006;FS 450 C 2006; > Motorcycle > FS 450 C 2006 > ;FS 450 C 2006;FS 450 C 2006;"FS 450 C 2006<table style=""width:100%;border-collapse:collapse;margin-top:16px;border:1px solid #ffe0cc;border-radius:6px;overflow:hidden;"">
$M-FE450S2007;2007;2303G2;Active;pho_bike_90_re_fe450_re_2007__sall__acmsg__v1.jpg; > Motorcycle > FE 450 S 2007 > ;FE 450 S 2007;FE 450 S 2007;FE 450 S 2007; > Motorcycle > FE 450 S 2007 > ;FE 450 S 2007;FE 450 S 2007;FE 450 S 2007; > Motorcycle > FE 450 S 2007 > ;FE 450 S 2007;FE 450 S 2007;FE 450 S 2007; > Motorcycle > FE 450 S 2007 > ;FE 450 S 2007;FE 450 S 2007;FE 450 S 2007; > Motorcycle > FE 450 S 2007 > ;FE 450 S 2007;FE 450 S 2007;"FE 450 S 2007<table style=""width:100%;border-collapse:collapse;margin-top:16px;border:1px solid #ffe0cc;border-radius:6px;overflow:hidden;"">
$M-FE450E2008;2008;2303H3;Active;pho_bike_90_re_fe_450_90__2008__sall__acmsg__v1.jpg; > Motorcycle > FE 450 E 2008 > ;FE 450 E 2008;FE 450 E 2008;FE 450 E 2008; > Motorcycle > FE 450 E 2008 > ;FE 450 E 2008;FE 450 E 2008;FE 450 E 2008; > Motorcycle > FE 450 E 2008 > ;FE 450 E 2008;FE 450 E 2008;FE 450 E 2008; > Motorcycle > FE 450 E 2008 > ;FE 450 E 2008;FE 450 E 2008;FE 450 E 2008; > Motorcycle > FE 450 E 2008 > ;FE 450 E 2008;FE 450 E 2008;"FE 450 E 2008<table style=""width:100%;border-collapse:collapse;margin-top:16px;border:1px solid #ffe0cc;border-radius:6px;overflow:hidden;"">
$M-FS450E2008;2008;2303H4;Active;pho_bike_90_re_00010000038_00010000204_hbg_sm_kit__sall__acmsg__v1.jpg; > Motorcycle > FS 450 E 2008 > ;FS 450 E 2008;FS 450 E 2008;FS 450 E 2008; > Motorcycle > FS 450 E 2008 > ;FS 450 E 2008;FS 450 E 2008;FS 450 E 2008; > Motorcycle > FS 450 E 2008 > ;FS 450 E 2008;FS 450 E 2008;FS 450 E 2008; > Motorcycle > FS 450 E 2008 > ;FS 450 E 2008;FS 450 E 2008;FS 450 E 2008; > Motorcycle > FS 450 E 2008 > ;FS 450 E 2008;FS 450 E 2008;"FS 450 E 2008<table style=""width:100%;border-collapse:collapse;margin-top:16px;border:1px solid #ffe0cc;border-radius:6px;overflow:hidden;"">
$M-FE4502009;2009;2303I3;Active;pho_bike_90_re_fe450_90__2009__sall__acmsg__v1.jpg; > Motorcycle > FE 450 2009 > ;FE 450 2009;FE 450 2009;FE 450 2009; > Motorcycle > FE 450 2009 > ;FE 450 2009;FE 450 2009;FE 450 2009; > Motorcycle > FE 450 2009 > ;FE 450 2009;FE 450 2009;FE 450 2009; > Motorcycle > FE 450 2009 > ;FE 450 2009;FE 450 2009;FE 450 2009; > Motorcycle > FE 450 2009 > ;FE 450 2009;FE 450 2009;"FE 450 2009<table style=""width:100%;border-collapse:collapse;margin-top:16px;border:1px solid #ffe0cc;border-radius:6px;overflow:hidden;"">
$M-FE4502011;2011;2303K3;Active;pho_bike_90_re_fe_450_90_2011__sall__acmsg__v1.jpg; > Motorcycle > FE 450 2011 > ;FE 450 2011;FE 450 2011;FE 450 2011; > Motorcycle > FE 450 2011 > ;FE 450 2011;FE 450 2011;FE 450 2011; > Motorcycle > FE 450 2011 > ;FE 450 2011;FE 450 2011;FE 450 2011; > Motorcycle > FE 450 2011 > ;FE 450 2011;FE 450 2011;FE 450 2011; > Motorcycle > FE 450 2011 > ;FE 450 2011;FE 450 2011;"FE 450 2011<table style=""width:100%;border-collapse:collapse;margin-top:16px;border:1px solid #ffe0cc;border-radius:6px;overflow:hidden;"">
$M-TE2502011;2011;2303K9;Active;pho_bike_90_re_te_250_90_2011__sall__acmsg__v1.jpg; > Motorcycle > TE 250 2011 > ;TE 250 2011;TE 250 2011;TE 250 2011; > Motorcycle > TE 250 2011 > ;TE 250 2011;TE 250 2011;TE 250 2011; > Motorcycle > TE 250 2011 > ;TE 250 2011;TE 250 2011;TE 250 2011; > Motorcycle > TE 250 2011 > ;TE 250 2011;TE 250 2011;TE 250 2011; > Motorcycle > TE 250 2011 > ;TE 250 2011;TE 250 2011;"TE 250 2011<table style=""width:100%;border-collapse:collapse;margin-top:16px;border:1px solid #ffe0cc;border-radius:6px;overflow:hidden;"">
$M-FE4502012;2012;2303L3;Active;pho_bike_90_re_fe_450_2012_90__sall__acmsg__v1.jpg; > Motorcycle > FE 450 2012 > ;FE 450 2012;FE 450 2012;FE 450 2012; > Motorcycle > FE 450 2012 > ;FE 450 2012;FE 450 2012;FE 450 2012; > Motorcycle > FE 450 2012 > ;FE 450 2012;FE 450 2012;FE 450 2012; > Motorcycle > FE 450 2012 > ;FE 450 2012;FE 450 2012;FE 450 2012; > Motorcycle > FE 450 2012 > ;FE 450 2012;FE 450 2012;"FE 450 2012<table style=""width:100%;border-collapse:collapse;margin-top:16px;border:1px solid #ffe0cc;border-radius:6px;overflow:hidden;"">
$M-TE2502012;2012;2303L9;Active;pho_bike_90_re_te_250_2012_90__sall__acmsg__v1.jpg; > Motorcycle > TE 250 2012 > ;TE 250 2012;TE 250 2012;TE 250 2012; > Motorcycle > TE 250 2012 > ;TE 250 2012;TE 250 2012;TE 250 2012; > Motorcycle > TE 250 2012 > ;TE 250 2012;TE 250 2012;TE 250 2012; > Motorcycle > TE 250 2012 > ;TE 250 2012;TE 250 2012;TE 250 2012; > Motorcycle > TE 250 2012 > ;TE 250 2012;TE 250 2012;"TE 250 2012<table style=""width:100%;border-collapse:collapse;margin-top:16px;border:1px solid #ffe0cc;border-radius:6px;overflow:hidden;"">
$M-TE2502024;2024;2387X7_CFMOTO;Active;pho_bike_90_re_te_250_my24_90_right__sall__acmsg__v1.png; > Motorcycle > TE 250 2024 > ;TE 250 2024;TE 250 - 2024;Die TE 250 setzt ihr Erbe als vielseitigste und wettbewerbsfahigste 2-Takt-Enduro mit 250 cm auf dem Markt fort und ist dank neuester technischer Innovationen fit fur 2024. Bei der insgesamt deutlich leichteren TE 250 wurden fast alle Bauteile uberarbeitet. Die bedeutendste Verbesserung fur das klassenbeste Fahrverhalten steuert jedoch die neue Drosselklappeneinspritzung Throttle Body Injection TBI bei. Ebenfalls neu ist die WP XACT-Federung vorn und hinten, die zusammen mit den Federgabeln fur eine gleichma ige Dampfung und ein unvergleichliches Handling der TE 250 sorgt. Insgesamt bietet das neue Modell die beste Kombination aus beeindruckender Leistung und Handling in einem auffalligen neuen Look, der seine kontinuierliche Weiterentwicklung optisch unterstreicht.; > Motorcycle > TE 250 2024 > ;TE 250 2024;TE 250 - 2024;Continuing its legacy as the most versatile and competitive 250 cc 2-stroke enduro machine on the market, the TE 250 is further enhanced for 2024 with the latest technical innovations. Considerably lighter overall with almost every component refined, it s the introduction of Throttle Body Injection TBI that makes the most significant improvement to the class-leading rideability of the TE 250. Together with new, WP XACT Suspension front and rear, the TE 250 has never handled better thanks to the spring forks offering consistent damping. Overall, the new model delivers the best combination of impressive power and handling and is finished with a striking new look to underline it s continued development.; > Motorcycle > TE 250 2024 > ;TE 250 2024;TE 250 - 2024;Continuing its legacy as the most versatile and competitive 250 cc 2-stroke enduro machine on the market, the TE 250 is further enhanced for 2024 with the latest technical innovations. Considerably lighter overall with almost every component refined, it s the introduction of Throttle Body Injection TBI that makes the most significant improvement to the class-leading rideability of the TE 250. Together with new, WP XACT Suspension front and rear, the TE 250 has never handled better thanks to the spring forks offering consistent damping. Overall, the new model delivers the best combination of impressive power and handling and is finished with a striking new look to underline it s continued development.; > Motorcycle > TE 250 2024 > ;TE 250 2024;TE 250 - 2024;Continuando con su legado como la maquina de enduro de 250 cc y 2 tiempos mas versatil y competitiva del mercado, la TE 250 es aun mejor en 2024 gracias a las ultimas innovaciones tecnicas que incorpora. Considerablemente mas ligera en general y con casi todos sus componentes perfeccionados, es la introduccion de la inyeccion en el cuerpo de aceleracion TBI lo que supone la mejora mas significativa en el comportamiento lider en su clase de la TE 250. Junto con las nuevas suspensiones WP XACT delante y detras, la TE 250 nunca ha ofrecido un mejor comportamiento gracias a la consistente amortiguacion de la horquilla. En conjunto, este nuevo modelo ofrece la mejor combinacion de potencia y comportamiento impresionantes, acabado ademas con un nuevo y llamativo look que subraya su continuo desarrollo.; > Motorcycle > TE 250 2024 > ;TE 250 2024;TE 250 - 2024;"Poursuivant son heritage de machine d enduro 250 cm 2 temps la plus polyvalente et la plus concurrentielle du marche, la TE 250 s agremente pour 2024 des dernieres innovations techniques. Considerablement plus legere dans l ensemble, grace au remaniement de presque tous les elements, elle beneficie notamment de l introduction du corps d injection electronique, qui ameliore encore l extreme maniabilite de la TE 250. Dotee de nouvelles suspensions WP XACT a l avant et a l arriere, la TE 250 n a jamais ete aussi maniable grace a la fourche offrant un amortissement constant. Dans l ensemble, ce nouveau modele associe de maniere incroyablement impressionnante puissance et maniabilite, et est dote d un nouveau look saisissant qui souligne son evolution permanente.<table style=""width:100%;border-collapse:collapse;margin-top:16px;border:1px solid #ffe0cc;border-radius:6px;overflow:hidden;"">
$M-TE2502025;2025;2387Y7_CFMOTO;Active;pho_bike_90_re_te_250_my25_90_right__sall__acmsg__v1.png; > Motorcycle > TE 250 2025 > ;TE 250 2025;TE 250 - 2025;Als traditionell vielseitigste und wettbewerbsstarkste 250-cm -2-Takt-Enduro ist die TE 250 fur erfolgsorientierte Fahrer das bevorzugte Modell. Dank Throttle Body Injection TBI wird ein beispielloses Drehmoment erzeugt, mit dem jedes Hindernis zu uberwinden ist, wahrend die erstklassige WP XACT-Federung bei jeder Fahrt eine hervorragende Dampfung bietet. Mit dem Wechsel auf Brembo-Bremsen konnte bei den Modellen des Jahrgangs 2025 die Bremsleistung erheblich verbessert werden. Beispielhaft fur die wettbewerbsorientierten Bauteile, mit denen die TE 250 ausgestattet ist, konnen der ProTaper-Lenker, Michelin-Reifen und ein Twin Air-Filter genannt werden.; > Motorcycle > TE 250 2025 > ;TE 250 2025;TE 250 - 2025;With a legacy of being the most versatile and competitive 250 cc 2-stroke enduro machine on the market, the TE 250 is the model of choice for racers serious about their results. Thanks to Throttle Body Injection TBI , class-leading torque is delivered to ensure every obstacle is mastered with ease while plush WP XACT suspension offers consistent damping throughout every ride. Braking performance is improved considerably for 2025 following the introduction of Brembo brakes, while ProTaper handlebars, Michelin tyres, and a Twin Air filter headlining the competition-focused components used to assemble the TE 250.; > Motorcycle > TE 250 2025 > ;TE 250 2025;TE 250 - 2025;With a legacy of being the most versatile and competitive 250 cc 2-stroke enduro machine on the market, the TE 250 is the model of choice for racers serious about their results. Thanks to Throttle Body Injection TBI , class-leading torque is delivered to ensure every obstacle is mastered with ease while plush WP XACT suspension offers consistent damping throughout every ride. Braking performance is improved considerably for 2025 following the introduction of Brembo brakes, while ProTaper handlebars, Michelin tyres, and a Twin Air filter headlining the competition-focused components used to assemble the TE 250.; > Motorcycle > TE 250 2025 > ;TE 250 2025;TE 250 - 2025;Con el prestigio de ser la maquina de enduro de 250 cc y 2 tiempos mas versatil y competitiva del mercado, la TE 250 es el modelo elegido por los pilotos que se toman en serio sus resultados. Gracias a la inyeccion en el cuerpo de aceleracion TBI , se consigue un par motor lider en su clase para superar cualquier obstaculo con facilidad, mientras que las suaves suspensiones WP XACT ofrecen una amortiguacion constante en cada salida. Las prestaciones de frenado han mejorado considerablemente para 2025 tras la incorporacion de los frenos Brembo, mientras que el manillar ProTaper, los neumaticos Michelin y un filtro Twin Air encabezan los componentes orientados a la competicion utilizados para montar la TE 250.; > Motorcycle > TE 250 2025 > ;TE 250 2025;TE 250 - 2025;"Connue pour etre la moto d enduro 2 temps de 250 cm la plus polyvalente et competitive du marche, la TE 250 est le modele que choisissent les pilotes qui cherchent a faire des resultats. Grace au corps d injection electronique, elle delivre un couple hors norme garantissant de maitriser aisement tous les obstacles tandis que les suspensions WP XACT assurent toujours un amortissement homogene. Les performances de freinage de la version 2025 se sont considerablement ameliorees grace a l introduction de freins Brembo. La TE 250 peut egalement compter sur un guidon ProTaper, des pneumatiques Michelin et un filtre Twin Air qui ne sont que quelques exemples de tous les elements axes competition qui l equipent.<table style=""width:100%;border-collapse:collapse;margin-top:16px;border:1px solid #ffe0cc;border-radius:6px;overflow:hidden;"">
$M-FE550E2006;2006;2403F2;Active;pho_bike_90_re_fe550_re_2006__sall__acmsg__v1.jpg; > Motorcycle > FE 550 E 2006 > ;FE 550 E 2006;FE 550 E 2006;FE 550 E 2006; > Motorcycle > FE 550 E 2006 > ;FE 550 E 2006;FE 550 E 2006;FE 550 E 2006; > Motorcycle > FE 550 E 2006 > ;FE 550 E 2006;FE 550 E 2006;FE 550 E 2006; > Motorcycle > FE 550 E 2006 > ;FE 550 E 2006;FE 550 E 2006;FE 550 E 2006; > Motorcycle > FE 550 E 2006 > ;FE 550 E 2006;FE 550 E 2006;"FE 550 E 2006<table style=""width:100%;border-collapse:collapse;margin-top:16px;border:1px solid #ffe0cc;border-radius:6px;overflow:hidden;"">
$M-FE550E2007;2007;2403G2;Active;pho_bike_90_re_fe550_re_2007__sall__acmsg__v1.jpg; > Motorcycle > FE 550 E 2007 > ;FE 550 E 2007;FE 550 E 2007;FE 550 E 2007; > Motorcycle > FE 550 E 2007 > ;FE 550 E 2007;FE 550 E 2007;FE 550 E 2007; > Motorcycle > FE 550 E 2007 > ;FE 550 E 2007;FE 550 E 2007;FE 550 E 2007; > Motorcycle > FE 550 E 2007 > ;FE 550 E 2007;FE 550 E 2007;FE 550 E 2007; > Motorcycle > FE 550 E 2007 > ;FE 550 E 2007;FE 550 E 2007;"FE 550 E 2007<table style=""width:100%;border-collapse:collapse;margin-top:16px;border:1px solid #ffe0cc;border-radius:6px;overflow:hidden;"">
$M-FS550E2007;2007;2403G4;Active;pho_bike_90_re_fs550e_rechts_neu_2007__sall__acmsg__v1.jpg; > Motorcycle > FS 550 E 2007 > ;FS 550 E 2007;FS 550 E 2007;FS 550 E 2007; > Motorcycle > FS 550 E 2007 > ;FS 550 E 2007;FS 550 E 2007;FS 550 E 2007; > Motorcycle > FS 550 E 2007 > ;FS 550 E 2007;FS 550 E 2007;FS 550 E 2007; > Motorcycle > FS 550 E 2007 > ;FS 550 E 2007;FS 550 E 2007;FS 550 E 2007; > Motorcycle > FS 550 E 2007 > ;FS 550 E 2007;FS 550 E 2007;"FS 550 E 2007<table style=""width:100%;border-collapse:collapse;margin-top:16px;border:1px solid #ffe0cc;border-radius:6px;overflow:hidden;"">
$M-FE550E2008;2008;2403H3;Active;pho_bike_90_re_fe_570_90__2008__sall__acmsg__v1.jpg; > Motorcycle > FE 550 E 2008 > ;FE 550 E 2008;FE 550 E 2008;FE 550 E 2008; > Motorcycle > FE 550 E 2008 > ;FE 550 E 2008;FE 550 E 2008;FE 550 E 2008; > Motorcycle > FE 550 E 2008 > ;FE 550 E 2008;FE 550 E 2008;FE 550 E 2008; > Motorcycle > FE 550 E 2008 > ;FE 550 E 2008;FE 550 E 2008;FE 550 E 2008; > Motorcycle > FE 550 E 2008 > ;FE 550 E 2008;FE 550 E 2008;"FE 550 E 2008<table style=""width:100%;border-collapse:collapse;margin-top:16px;border:1px solid #ffe0cc;border-radius:6px;overflow:hidden;"">
$M-FE5702009;2009;2403I3;Active;pho_bike_90_re_fe_570_90__2009__sall__acmsg__v1.jpg; > Motorcycle > FE 570 2009 > ;FE 570 2009;FE 570 2009;FE 570 2009; > Motorcycle > FE 570 2009 > ;FE 570 2009;FE 570 2009;FE 570 2009; > Motorcycle > FE 570 2009 > ;FE 570 2009;FE 570 2009;FE 570 2009; > Motorcycle > FE 570 2009 > ;FE 570 2009;FE 570 2009;FE 570 2009; > Motorcycle > FE 570 2009 > ;FE 570 2009;FE 570 2009;"FE 570 2009<table style=""width:100%;border-collapse:collapse;margin-top:16px;border:1px solid #ffe0cc;border-radius:6px;overflow:hidden;"">
$M-FS5702010;2010;2403J0;Active;pho_bike_90_re_fs570_90__2010__sall__acmsg__v1.jpg; > Motorcycle > FS 570 2010 > ;FS 570 2010;FS 570 2010;FS 570 2010; > Motorcycle > FS 570 2010 > ;FS 570 2010;FS 570 2010;FS 570 2010; > Motorcycle > FS 570 2010 > ;FS 570 2010;FS 570 2010;FS 570 2010; > Motorcycle > FS 570 2010 > ;FS 570 2010;FS 570 2010;FS 570 2010; > Motorcycle > FS 570 2010 > ;FS 570 2010;FS 570 2010;"FS 570 2010<table style=""width:100%;border-collapse:collapse;margin-top:16px;border:1px solid #ffe0cc;border-radius:6px;overflow:hidden;"">
$M-FE5702010;2010;2403J3;Active;pho_bike_90_re_fe_570_90__2010__sall__acmsg__v1.jpg; > Motorcycle > FE 570 2010 > ;FE 570 2010;FE 570 2010;FE 570 2010; > Motorcycle > FE 570 2010 > ;FE 570 2010;FE 570 2010;FE 570 2010; > Motorcycle > FE 570 2010 > ;FE 570 2010;FE 570 2010;FE 570 2010; > Motorcycle > FE 570 2010 > ;FE 570 2010;FE 570 2010;FE 570 2010; > Motorcycle > FE 570 2010 > ;FE 570 2010;FE 570 2010;"FE 570 2010<table style=""width:100%;border-collapse:collapse;margin-top:16px;border:1px solid #ffe0cc;border-radius:6px;overflow:hidden;"">
$M-FS5702011;2011;2403K0;Active;pho_bike_90_re_fs_570_90_2011__sall__acmsg__v1.jpg; > Motorcycle > FS 570 2011 > ;FS 570 2011;FS 570 2011;FS 570 2011; > Motorcycle > FS 570 2011 > ;FS 570 2011;FS 570 2011;FS 570 2011; > Motorcycle > FS 570 2011 > ;FS 570 2011;FS 570 2011;FS 570 2011; > Motorcycle > FS 570 2011 > ;FS 570 2011;FS 570 2011;FS 570 2011; > Motorcycle > FS 570 2011 > ;FS 570 2011;FS 570 2011;"FS 570 2011<table style=""width:100%;border-collapse:collapse;margin-top:16px;border:1px solid #ffe0cc;border-radius:6px;overflow:hidden;"">
$M-TE3002011;2011;2403K9;Active;pho_bike_90_re_te_300_90_2011__sall__acmsg__v1.jpg; > Motorcycle > TE 300 2011 > ;TE 300 2011;TE 300 2011;TE 300 2011; > Motorcycle > TE 300 2011 > ;TE 300 2011;TE 300 2011;TE 300 2011; > Motorcycle > TE 300 2011 > ;TE 300 2011;TE 300 2011;TE 300 2011; > Motorcycle > TE 300 2011 > ;TE 300 2011;TE 300 2011;TE 300 2011; > Motorcycle > TE 300 2011 > ;TE 300 2011;TE 300 2011;"TE 300 2011<table style=""width:100%;border-collapse:collapse;margin-top:16px;border:1px solid #ffe0cc;border-radius:6px;overflow:hidden;"">
